Outcome,Model,Predictors,R2,Adj_R2,n
Q43,Model 1,age,0.00444325905870319,0.004343273446476559,9959
Q43,Model 2,age + gender,0.016342398202492028,0.01614479723788831,9959
Q43,Model 3,age + gender + education,0.022283461995328147,0.02198882115012324,9959
Q43,Model 4,age + gender + education + income,0.026121406782893857,0.025730055127994533,9959
