Outcome,Model,Predictors,R2,Adj_R2,n
Q42,Model 1,age,1.372670168232124e-4,3.6117524361722886e-5,9887
Q42,Model 2,age + gender,0.00235639977957963,0.0021545293626996642,9887
Q42,Model 3,age + gender + education,0.008718022793829952,0.0084171176100174,9887
Q42,Model 4,age + gender + education + income,0.012486615447818218,0.012086893373520535,9887
