Outcome,Model,Predictors,R2,Adj_R2,n
Q40,Model 1,age,0.015340260827440763,0.015246936996602622,10553
Q40,Model 2,age + gender,0.05037295321067711,0.050192929125977725,10553
Q40,Model 3,age + gender + education,0.07596620869893948,0.0757034253665001,10553
Q40,Model 4,age + gender + education + income,0.0777030404226129,0.07735328806782449,10553
